,close,high,low,open,symbol,volume,id,key,subkey,updated,changeOverTime,marketChangeOverTime,uOpen,uClose,uHigh,uLow,uVolume,fOpen,fClose,fHigh,fLow,fVolume,label,change,changePercent
2019-05-21,7.81,8.44,7.75,8.37,OGI,2572416,HISTORICAL_PRICES,OGI,,1606830572000,0,0,8.37,7.81,8.44,7.75,2572416,8.37,7.81,8.44,7.75,2572416,"May 21, 19",0,0
2019-05-22,7.61,8.15,7.54,8,OGI,1566282,HISTORICAL_PRICES,OGI,,1606830572000,-0.025608194622279038,-0.025608194622279038,8,7.61,8.15,7.54,1566282,8,7.61,8.15,7.54,1566282,"May 22, 19",-0.1999999999999993,-0.0256
2019-05-23,7.22,7.59,7.15,7.5,OGI,1317073,HISTORICAL_PRICES,OGI,,1606830572000,-0.07554417413572341,-0.07554417413572341,7.5,7.22,7.59,7.15,1317073,7.5,7.22,7.59,7.15,1317073,"May 23, 19",-0.39000000000000057,-0.0512
2019-05-24,7.49,7.61,7.3333,7.38,OGI,1041755,HISTORICAL_PRICES,OGI,,1606830572000,-0.04097311139564653,-0.04097311139564653,7.38,7.49,7.61,7.3333,1041755,7.38,7.49,7.61,7.3333,1041755,"May 24, 19",0.27000000000000046,0.0374
2019-05-28,7.85,7.89,7.65,7.77,OGI,1197192,HISTORICAL_PRICES,OGI,,1606830572000,0.005121638924455831,0.005121638924455831,7.77,7.85,7.89,7.65,1197192,7.77,7.85,7.89,7.65,1197192,"May 28, 19",0.35999999999999943,0.0481
2019-05-29,7.69,7.8798,7.5007,7.76,OGI,860238,HISTORICAL_PRICES,OGI,,1606830572000,-0.015364916773367378,-0.015364916773367378,7.76,7.69,7.8798,7.5007,860238,7.76,7.69,7.8798,7.5007,860238,"May 29, 19",-0.15999999999999925,-0.0204
2019-05-30,7.55,7.8389,7.45,7.71,OGI,708395,HISTORICAL_PRICES,OGI,,1606830572000,-0.03329065300896284,-0.03329065300896284,7.71,7.55,7.8389,7.45,708395,7.71,7.55,7.8389,7.45,708395,"May 30, 19",-0.14000000000000057,-0.0182
2019-05-31,7.24,7.45,7.17,7.4,OGI,1044896,HISTORICAL_PRICES,OGI,,1606830572000,-0.07298335467349544,-0.07298335467349544,7.4,7.24,7.45,7.17,1044896,7.4,7.24,7.45,7.17,1044896,"May 31, 19",-0.3099999999999996,-0.0411
2019-06-03,6.86,7.41,6.7701,7.3,OGI,1493146,HISTORICAL_PRICES,OGI,,1606830572000,-0.12163892445582578,-0.12163892445582578,7.3,6.86,7.41,6.7701,1493146,7.3,6.86,7.41,6.7701,1493146,"Jun 3, 19",-0.3799999999999999,-0.0525
2019-06-04,7.43,7.46,6.95,6.99,OGI,962665,HISTORICAL_PRICES,OGI,,1606830572000,-0.048655569782330335,-0.048655569782330335,6.99,7.43,7.46,6.95,962665,6.99,7.43,7.46,6.95,962665,"Jun 4, 19",0.5699999999999994,0.0831
2019-06-05,7.33,7.65,7.221,7.6,OGI,750558,HISTORICAL_PRICES,OGI,,1606830572000,-0.06145966709346985,-0.06145966709346985,7.6,7.33,7.65,7.221,750558,7.6,7.33,7.65,7.221,750558,"Jun 5, 19",-0.09999999999999964,-0.0135
2019-06-06,7.21,7.39,7.0999,7.39,OGI,529382,HISTORICAL_PRICES,OGI,,1606830572000,-0.07682458386683734,-0.07682458386683734,7.39,7.21,7.39,7.0999,529382,7.39,7.21,7.39,7.0999,529382,"Jun 6, 19",-0.1200000000000001,-0.0164
2019-06-07,7.26,7.49,7.21,7.22,OGI,645708,HISTORICAL_PRICES,OGI,,1606830572000,-0.07042253521126758,-0.07042253521126758,7.22,7.26,7.49,7.21,645708,7.22,7.26,7.49,7.21,645708,"Jun 7, 19",0.04999999999999982,0.0069
2019-06-10,7.39,7.47,7.27,7.47,OGI,582395,HISTORICAL_PRICES,OGI,,1606830572000,-0.053777208706786164,-0.053777208706786164,7.47,7.39,7.47,7.27,582395,7.47,7.39,7.47,7.27,582395,"Jun 10, 19",0.1299999999999999,0.0179
2019-06-11,7.25,7.44,7.15,7.41,OGI,721561,HISTORICAL_PRICES,OGI,,1606830572000,-0.07170294494238151,-0.07170294494238151,7.41,7.25,7.44,7.15,721561,7.41,7.25,7.44,7.15,721561,"Jun 11, 19",-0.13999999999999968,-0.0189
2019-06-12,7.01,7.25,7,7.2,OGI,732613,HISTORICAL_PRICES,OGI,,1606830572000,-0.1024327784891165,-0.1024327784891165,7.2,7.01,7.25,7,732613,7.2,7.01,7.25,7,732613,"Jun 12, 19",-0.2400000000000002,-0.0331
2019-06-13,6.8,7.07,6.74,7.01,OGI,1076157,HISTORICAL_PRICES,OGI,,1606830572000,-0.12932138284250957,-0.12932138284250957,7.01,6.8,7.07,6.74,1076157,7.01,6.8,7.07,6.74,1076157,"Jun 13, 19",-0.20999999999999996,-0.03
2019-06-14,6.27,6.75,6.24,6.75,OGI,1545076,HISTORICAL_PRICES,OGI,,1606830572000,-0.1971830985915493,-0.1971830985915493,6.75,6.27,6.75,6.24,1545076,6.75,6.27,6.75,6.24,1545076,"Jun 14, 19",-0.5300000000000002,-0.0779
2019-06-17,6.22,6.52,6.15,6.44,OGI,846831,HISTORICAL_PRICES,OGI,,1606830572000,-0.20358514724711907,-0.20358514724711907,6.44,6.22,6.52,6.15,846831,6.44,6.22,6.52,6.15,846831,"Jun 17, 19",-0.04999999999999982,-0.008
2019-06-18,6.44,6.61,6.22,6.25,OGI,711090,HISTORICAL_PRICES,OGI,,1606830572000,-0.17541613316261195,-0.17541613316261195,6.25,6.44,6.61,6.22,711090,6.25,6.44,6.61,6.22,711090,"Jun 18, 19",0.22000000000000064,0.0354
2019-06-19,6.25,6.5,6.21,6.44,OGI,708109,HISTORICAL_PRICES,OGI,,1606830572000,-0.19974391805377717,-0.19974391805377717,6.44,6.25,6.5,6.21,708109,6.44,6.25,6.5,6.21,708109,"Jun 19, 19",-0.1900000000000004,-0.0295
2019-06-20,6.39,6.49,6.33,6.42,OGI,701851,HISTORICAL_PRICES,OGI,,1606830572000,-0.18181818181818182,-0.18181818181818182,6.42,6.39,6.49,6.33,701851,6.42,6.39,6.49,6.33,701851,"Jun 20, 19",0.13999999999999968,0.0224
2019-06-21,6.36,6.4,6.1,6.2,OGI,819485,HISTORICAL_PRICES,OGI,,1606830572000,-0.1856594110115236,-0.1856594110115236,6.2,6.36,6.4,6.1,819485,6.2,6.36,6.4,6.1,819485,"Jun 21, 19",-0.02999999999999936,-0.0047
2019-06-24,6.29,6.48,6.15,6.47,OGI,775624,HISTORICAL_PRICES,OGI,,1606830572000,-0.19462227912932134,-0.19462227912932134,6.47,6.29,6.48,6.15,775624,6.47,6.29,6.48,6.15,775624,"Jun 24, 19",-0.07000000000000028,-0.011
2019-06-25,6.05,6.32,6.02,6.3,OGI,624000,HISTORICAL_PRICES,OGI,,1606830572000,-0.22535211267605632,-0.22535211267605632,6.3,6.05,6.32,6.02,624000,6.3,6.05,6.32,6.02,624000,"Jun 25, 19",-0.2400000000000002,-0.0382
2019-06-26,6.21,6.32,6.07,6.19,OGI,566745,HISTORICAL_PRICES,OGI,,1606830572000,-0.204865556978233,-0.204865556978233,6.19,6.21,6.32,6.07,566745,6.19,6.21,6.32,6.07,566745,"Jun 26, 19",0.16000000000000014,0.0264
2019-06-27,6.41,6.53,6.15,6.2,OGI,597780,HISTORICAL_PRICES,OGI,,1606830572000,-0.17925736235595385,-0.17925736235595385,6.2,6.41,6.53,6.15,597780,6.2,6.41,6.53,6.15,597780,"Jun 27, 19",0.20000000000000018,0.0322
2019-06-28,6.44,6.595,6.41,6.41,OGI,492526,HISTORICAL_PRICES,OGI,,1606830572000,-0.17541613316261195,-0.17541613316261195,6.41,6.44,6.595,6.41,492526,6.41,6.44,6.595,6.41,492526,"Jun 28, 19",0.03000000000000025,0.0047
2019-07-01,6.58,6.7,6.5,6.56,OGI,453395,HISTORICAL_PRICES,OGI,,1606830572000,-0.1574903969270166,-0.1574903969270166,6.56,6.58,6.7,6.5,453395,6.56,6.58,6.7,6.5,453395,"Jul 1, 19",0.13999999999999968,0.0217
2019-07-02,6.29,6.68,6.25,6.62,OGI,574416,HISTORICAL_PRICES,OGI,,1606830572000,-0.19462227912932134,-0.19462227912932134,6.62,6.29,6.68,6.25,574416,6.62,6.29,6.68,6.25,574416,"Jul 2, 19",-0.29000000000000004,-0.0441
2019-07-03,6.52,6.6,6.37,6.42,OGI,892445,HISTORICAL_PRICES,OGI,,1606830572000,-0.1651728553137004,-0.1651728553137004,6.42,6.52,6.6,6.37,892445,6.42,6.52,6.6,6.37,892445,"Jul 3, 19",0.22999999999999954,0.0366
2019-07-05,6.56,6.59,6.39,6.51,OGI,446789,HISTORICAL_PRICES,OGI,,1606830572000,-0.16005121638924458,-0.16005121638924458,6.51,6.56,6.59,6.39,446789,6.51,6.56,6.59,6.39,446789,"Jul 5, 19",0.040000000000000036,0.0061
2019-07-08,7.08,7.19,6.51,6.58,OGI,1830568,HISTORICAL_PRICES,OGI,,1606830572000,-0.09346991037131877,-0.09346991037131877,6.58,7.08,7.19,6.51,1830568,6.58,7.08,7.19,6.51,1830568,"Jul 8, 19",0.5200000000000005,0.0793
2019-07-09,6.92,7.31,6.77,7.29,OGI,2386970,HISTORICAL_PRICES,OGI,,1606830572000,-0.11395646606914209,-0.11395646606914209,7.29,6.92,7.31,6.77,2386970,7.29,6.92,7.31,6.77,2386970,"Jul 9, 19",-0.16000000000000014,-0.0226
2019-07-10,6.63,7.01,6.56,6.96,OGI,1491541,HISTORICAL_PRICES,OGI,,1606830572000,-0.15108834827144682,-0.15108834827144682,6.96,6.63,7.01,6.56,1491541,6.96,6.63,7.01,6.56,1491541,"Jul 10, 19",-0.29000000000000004,-0.0419
2019-07-11,6.28,6.7,6.21,6.68,OGI,1802845,HISTORICAL_PRICES,OGI,,1606830572000,-0.19590268886043527,-0.19590268886043527,6.68,6.28,6.7,6.21,1802845,6.68,6.28,6.7,6.21,1802845,"Jul 11, 19",-0.34999999999999964,-0.0528
2019-07-12,5.83,6.3158,5.77,6.3,OGI,3120481,HISTORICAL_PRICES,OGI,,1606830572000,-0.2535211267605633,-0.2535211267605633,6.3,5.83,6.3158,5.77,3120481,6.3,5.83,6.3158,5.77,3120481,"Jul 12, 19",-0.4500000000000002,-0.0717
2019-07-15,6.1,6.27,5.4,5.6,OGI,2530477,HISTORICAL_PRICES,OGI,,1606830572000,-0.21895006402048656,-0.21895006402048656,5.6,6.1,6.27,5.4,2530477,5.6,6.1,6.27,5.4,2530477,"Jul 15, 19",0.2699999999999996,0.0463
2019-07-16,6.61,6.62,6.04,6.15,OGI,1663744,HISTORICAL_PRICES,OGI,,1606830572000,-0.15364916773367468,-0.15364916773367468,6.15,6.61,6.62,6.04,1663744,6.15,6.61,6.62,6.04,1663744,"Jul 16, 19",0.5100000000000007,0.0836
2019-07-17,6.85,6.95,6.5723,6.7,OGI,1587554,HISTORICAL_PRICES,OGI,,1606830572000,-0.12291933418693982,-0.12291933418693982,6.7,6.85,6.95,6.5723,1587554,6.7,6.85,6.95,6.5723,1587554,"Jul 17, 19",0.23999999999999932,0.0363
2019-07-18,6.43,6.78,6.34,6.78,OGI,1343868,HISTORICAL_PRICES,OGI,,1606830572000,-0.176696542893726,-0.176696542893726,6.78,6.43,6.78,6.34,1343868,6.78,6.43,6.78,6.34,1343868,"Jul 18, 19",-0.41999999999999993,-0.0613
2019-07-19,6.33,6.539,6.27,6.49,OGI,740363,HISTORICAL_PRICES,OGI,,1606830572000,-0.1895006402048655,-0.1895006402048655,6.49,6.33,6.539,6.27,740363,6.49,6.33,6.539,6.27,740363,"Jul 19, 19",-0.09999999999999964,-0.0156
2019-07-22,6.27,6.39,6.09,6.39,OGI,932009,HISTORICAL_PRICES,OGI,,1606830572000,-0.1971830985915493,-0.1971830985915493,6.39,6.27,6.39,6.09,932009,6.39,6.27,6.39,6.09,932009,"Jul 22, 19",-0.0600000000000005,-0.0095
2019-07-23,6.07,6.36,6.03,6.27,OGI,1001182,HISTORICAL_PRICES,OGI,,1606830572000,-0.22279129321382835,-0.22279129321382835,6.27,6.07,6.36,6.03,1001182,6.27,6.07,6.36,6.03,1001182,"Jul 23, 19",-0.1999999999999993,-0.0319
2019-07-24,5.94,6.07,5.84,6.04,OGI,1175998,HISTORICAL_PRICES,OGI,,1606830572000,-0.23943661971830976,-0.23943661971830976,6.04,5.94,6.07,5.84,1175998,6.04,5.94,6.07,5.84,1175998,"Jul 24, 19",-0.1299999999999999,-0.0214
2019-07-25,5.83,6.09,5.79,5.94,OGI,809353,HISTORICAL_PRICES,OGI,,1606830572000,-0.2535211267605633,-0.2535211267605633,5.94,5.83,6.09,5.79,809353,5.94,5.83,6.09,5.79,809353,"Jul 25, 19",-0.11000000000000032,-0.0185
2019-07-26,5.9,6,5.8301,5.94,OGI,646553,HISTORICAL_PRICES,OGI,,1606830572000,-0.2445582586427656,-0.2445582586427656,5.94,5.9,6,5.8301,646553,5.94,5.9,6,5.8301,646553,"Jul 26, 19",0.07000000000000028,0.012
2019-07-29,5.93,5.99,5.5747,5.91,OGI,1578874,HISTORICAL_PRICES,OGI,,1606830572000,-0.2407170294494238,-0.2407170294494238,5.91,5.93,5.99,5.5747,1578874,5.91,5.93,5.99,5.5747,1578874,"Jul 29, 19",0.02999999999999936,0.0051
2019-07-30,5.97,6.05,5.76,5.96,OGI,1025063,HISTORICAL_PRICES,OGI,,1606830572000,-0.23559539052496797,-0.23559539052496797,5.96,5.97,6.05,5.76,1025063,5.96,5.97,6.05,5.76,1025063,"Jul 30, 19",0.040000000000000036,0.0067
2019-07-31,5.99,6.06,5.92,6.02,OGI,756849,HISTORICAL_PRICES,OGI,,1606830572000,-0.23303457106274,-0.23303457106274,6.02,5.99,6.06,5.92,756849,6.02,5.99,6.06,5.92,756849,"Jul 31, 19",0.020000000000000462,0.0034
2019-08-01,5.65,6.02,5.63,6,OGI,1077486,HISTORICAL_PRICES,OGI,,1606830572000,-0.2765685019206145,-0.2765685019206145,6,5.65,6.02,5.63,1077486,6,5.65,6.02,5.63,1077486,"Aug 1, 19",-0.33999999999999986,-0.0568
2019-08-02,5.77,5.81,5.64,5.76,OGI,1055557,HISTORICAL_PRICES,OGI,,1606830572000,-0.2612035851472471,-0.2612035851472471,5.76,5.77,5.81,5.64,1055557,5.76,5.77,5.81,5.64,1055557,"Aug 2, 19",0.11999999999999922,0.0212
2019-08-05,5.58,5.77,5.5,5.75,OGI,965544,HISTORICAL_PRICES,OGI,,1606830572000,-0.2855313700384122,-0.2855313700384122,5.75,5.58,5.77,5.5,965544,5.75,5.58,5.77,5.5,965544,"Aug 5, 19",-0.1899999999999995,-0.0329
2019-08-06,5.66,5.83,5.54,5.65,OGI,985441,HISTORICAL_PRICES,OGI,,1606830572000,-0.27528809218950057,-0.27528809218950057,5.65,5.66,5.83,5.54,985441,5.65,5.66,5.83,5.54,985441,"Aug 6, 19",0.08000000000000007,0.0143
2019-08-07,5.57,5.66,5.45,5.65,OGI,781089,HISTORICAL_PRICES,OGI,,1606830572000,-0.28681177976952615,-0.28681177976952615,5.65,5.57,5.66,5.45,781089,5.65,5.57,5.66,5.45,781089,"Aug 7, 19",-0.08999999999999986,-0.0159
2019-08-08,5.68,5.72,5.57,5.64,OGI,589677,HISTORICAL_PRICES,OGI,,1606830572000,-0.2727272727272727,-0.2727272727272727,5.64,5.68,5.72,5.57,589677,5.64,5.68,5.72,5.57,589677,"Aug 8, 19",0.10999999999999943,0.0197
2019-08-09,5.66,5.75,5.52,5.7,OGI,553222,HISTORICAL_PRICES,OGI,,1606830572000,-0.27528809218950057,-0.27528809218950057,5.7,5.66,5.75,5.52,553222,5.7,5.66,5.75,5.52,553222,"Aug 9, 19",-0.019999999999999574,-0.0035
2019-08-12,5.47,5.57,5.45,5.5,OGI,640687,HISTORICAL_PRICES,OGI,,1606830572000,-0.2996158770806658,-0.2996158770806658,5.5,5.47,5.57,5.45,640687,5.5,5.47,5.57,5.45,640687,"Aug 12, 19",-0.1900000000000004,-0.0336
2019-08-13,5.57,5.5959,5.3701,5.5,OGI,915242,HISTORICAL_PRICES,OGI,,1606830572000,-0.28681177976952615,-0.28681177976952615,5.5,5.57,5.5959,5.3701,915242,5.5,5.57,5.5959,5.3701,915242,"Aug 13, 19",0.10000000000000053,0.0183
2019-08-14,5.37,5.5697,5.28,5.44,OGI,908044,HISTORICAL_PRICES,OGI,,1606830572000,-0.31241997439180536,-0.31241997439180536,5.44,5.37,5.5697,5.28,908044,5.44,5.37,5.5697,5.28,908044,"Aug 14, 19",-0.20000000000000018,-0.0359
2019-08-15,5,5.32,4.9,5.28,OGI,1683371,HISTORICAL_PRICES,OGI,,1606830572000,-0.35979513444302175,-0.35979513444302175,5.28,5,5.32,4.9,1683371,5.28,5,5.32,4.9,1683371,"Aug 15, 19",-0.3700000000000001,-0.0689
2019-08-16,5.15,5.24,5,5,OGI,864558,HISTORICAL_PRICES,OGI,,1606830572000,-0.34058898847631236,-0.34058898847631236,5,5.15,5.24,5,864558,5,5.15,5.24,5,864558,"Aug 16, 19",0.15000000000000036,0.03
2019-08-19,5.02,5.2848,5.01,5.17,OGI,833471,HISTORICAL_PRICES,OGI,,1606830572000,-0.3572343149807939,-0.3572343149807939,5.17,5.02,5.2848,5.01,833471,5.17,5.02,5.2848,5.01,833471,"Aug 19, 19",-0.13000000000000078,-0.0252
2019-08-20,5.13,5.22,5.03,5.04,OGI,585330,HISTORICAL_PRICES,OGI,,1606830572000,-0.34314980793854033,-0.34314980793854033,5.04,5.13,5.22,5.03,585330,5.04,5.13,5.22,5.03,585330,"Aug 20, 19",0.11000000000000032,0.0219
2019-08-21,5.09,5.24,5.05,5.18,OGI,633488,HISTORICAL_PRICES,OGI,,1606830572000,-0.34827144686299616,-0.34827144686299616,5.18,5.09,5.24,5.05,633488,5.18,5.09,5.24,5.05,633488,"Aug 21, 19",-0.040000000000000036,-0.0078
2019-08-22,4.94,5.19,4.9,5.09,OGI,681638,HISTORICAL_PRICES,OGI,,1606830572000,-0.36747759282970544,-0.36747759282970544,5.09,4.94,5.19,4.9,681638,5.09,4.94,5.19,4.9,681638,"Aug 22, 19",-0.14999999999999947,-0.0295
2019-08-23,4.65,4.94,4.59,4.92,OGI,1504131,HISTORICAL_PRICES,OGI,,1606830572000,-0.40460947503201017,-0.40460947503201017,4.92,4.65,4.94,4.59,1504131,4.92,4.65,4.94,4.59,1504131,"Aug 23, 19",-0.29000000000000004,-0.0587
2019-08-26,4.49,4.68,4.4199,4.65,OGI,986125,HISTORICAL_PRICES,OGI,,1606830572000,-0.4250960307298335,-0.4250960307298335,4.65,4.49,4.68,4.4199,986125,4.65,4.49,4.68,4.4199,986125,"Aug 26, 19",-0.16000000000000014,-0.0344
2019-08-27,4.13,4.5,4.07,4.49,OGI,1891171,HISTORICAL_PRICES,OGI,,1606830572000,-0.47119078104993595,-0.47119078104993595,4.49,4.13,4.5,4.07,1891171,4.49,4.13,4.5,4.07,1891171,"Aug 27, 19",-0.3600000000000003,-0.0802
2019-08-28,4.26,4.3359,3.97,4.08,OGI,1303829,HISTORICAL_PRICES,OGI,,1606830572000,-0.45454545454545453,-0.45454545454545453,4.08,4.26,4.3359,3.97,1303829,4.08,4.26,4.3359,3.97,1303829,"Aug 28, 19",0.1299999999999999,0.0315
2019-08-29,4.26,4.44,4.24,4.33,OGI,755458,HISTORICAL_PRICES,OGI,,1606830572000,-0.45454545454545453,-0.45454545454545453,4.33,4.26,4.44,4.24,755458,4.33,4.26,4.44,4.24,755458,"Aug 29, 19",0,0
2019-08-30,4.21,4.37,4.16,4.3,OGI,467619,HISTORICAL_PRICES,OGI,,1606830572000,-0.4609475032010243,-0.4609475032010243,4.3,4.21,4.37,4.16,467619,4.3,4.21,4.37,4.16,467619,"Aug 30, 19",-0.04999999999999982,-0.0117
2019-09-03,4.3,4.35,4.11,4.19,OGI,651664,HISTORICAL_PRICES,OGI,,1606830572000,-0.4494238156209987,-0.4494238156209987,4.19,4.3,4.35,4.11,651664,4.19,4.3,4.35,4.11,651664,"Sep 3, 19",0.08999999999999986,0.0214
2019-09-04,4.31,4.48,4.26,4.4,OGI,600295,HISTORICAL_PRICES,OGI,,1606830572000,-0.44814340588988477,-0.44814340588988477,4.4,4.31,4.48,4.26,600295,4.4,4.31,4.48,4.26,600295,"Sep 4, 19",0.009999999999999787,0.0023
2019-09-05,4.77,4.8,4.34,4.36,OGI,1316469,HISTORICAL_PRICES,OGI,,1606830572000,-0.3892445582586428,-0.3892445582586428,4.36,4.77,4.8,4.34,1316469,4.36,4.77,4.8,4.34,1316469,"Sep 5, 19",0.45999999999999996,0.1067
2019-09-06,4.94,5.18,4.63,4.77,OGI,1479538,HISTORICAL_PRICES,OGI,,1606830572000,-0.36747759282970544,-0.36747759282970544,4.77,4.94,5.18,4.63,1479538,4.77,4.94,5.18,4.63,1479538,"Sep 6, 19",0.17000000000000082,0.0356
2019-09-09,4.71,5.14,4.6701,5.07,OGI,1086142,HISTORICAL_PRICES,OGI,,1606830572000,-0.3969270166453265,-0.3969270166453265,5.07,4.71,5.14,4.6701,1086142,5.07,4.71,5.14,4.6701,1086142,"Sep 9, 19",-0.23000000000000043,-0.0466
2019-09-10,4.75,4.82,4.56,4.7,OGI,588972,HISTORICAL_PRICES,OGI,,1606830572000,-0.39180537772087065,-0.39180537772087065,4.7,4.75,4.82,4.56,588972,4.7,4.75,4.82,4.56,588972,"Sep 10, 19",0.040000000000000036,0.0085
2019-09-11,4.73,4.95,4.7,4.77,OGI,637517,HISTORICAL_PRICES,OGI,,1606830572000,-0.3943661971830985,-0.3943661971830985,4.77,4.73,4.95,4.7,637517,4.77,4.73,4.95,4.7,637517,"Sep 11, 19",-0.019999999999999574,-0.0042
2019-09-12,4.54,4.7071,4.53,4.62,OGI,768081,HISTORICAL_PRICES,OGI,,1606830572000,-0.4186939820742637,-0.4186939820742637,4.62,4.54,4.7071,4.53,768081,4.62,4.54,4.7071,4.53,768081,"Sep 12, 19",-0.1900000000000004,-0.0402
2019-09-13,4.5,4.6,4.43,4.56,OGI,726187,HISTORICAL_PRICES,OGI,,1606830572000,-0.42381562099871956,-0.42381562099871956,4.56,4.5,4.6,4.43,726187,4.56,4.5,4.6,4.43,726187,"Sep 13, 19",-0.040000000000000036,-0.0088
2019-09-16,4.34,4.52,4.29,4.45,OGI,793218,HISTORICAL_PRICES,OGI,,1606830572000,-0.44430217669654287,-0.44430217669654287,4.45,4.34,4.52,4.29,793218,4.45,4.34,4.52,4.29,793218,"Sep 16, 19",-0.16000000000000014,-0.0356
2019-09-17,4.19,4.3881,4.15,4.29,OGI,947392,HISTORICAL_PRICES,OGI,,1606830572000,-0.46350832266325215,-0.46350832266325215,4.29,4.19,4.3881,4.15,947392,4.29,4.19,4.3881,4.15,947392,"Sep 17, 19",-0.14999999999999947,-0.0346
2019-09-18,4.22,4.3,4.15,4.18,OGI,643428,HISTORICAL_PRICES,OGI,,1606830572000,-0.45966709346991036,-0.45966709346991036,4.18,4.22,4.3,4.15,643428,4.18,4.22,4.3,4.15,643428,"Sep 18, 19",0.02999999999999936,0.0072
2019-09-19,4.16,4.3397,4.115,4.22,OGI,986587,HISTORICAL_PRICES,OGI,,1606830572000,-0.46734955185659405,-0.46734955185659405,4.22,4.16,4.3397,4.115,986587,4.22,4.16,4.3397,4.115,986587,"Sep 19, 19",-0.05999999999999961,-0.0142
2019-09-20,4.19,4.28,4.06,4.12,OGI,1194702,HISTORICAL_PRICES,OGI,,1606830572000,-0.46350832266325215,-0.46350832266325215,4.12,4.19,4.28,4.06,1194702,4.12,4.19,4.28,4.06,1194702,"Sep 20, 19",0.03000000000000025,0.0072
2019-09-23,4.18,4.25,4.13,4.15,OGI,844681,HISTORICAL_PRICES,OGI,,1606830572000,-0.4647887323943662,-0.4647887323943662,4.15,4.18,4.25,4.13,844681,4.15,4.18,4.25,4.13,844681,"Sep 23, 19",-0.010000000000000675,-0.0024
2019-09-24,3.92,4.35,3.9,4.25,OGI,1989170,HISTORICAL_PRICES,OGI,,1606830572000,-0.498079385403329,-0.498079385403329,4.25,3.92,4.35,3.9,1989170,4.25,3.92,4.35,3.9,1989170,"Sep 24, 19",-0.2599999999999998,-0.0622
2019-09-25,3.8,3.9,3.6,3.9,OGI,2253360,HISTORICAL_PRICES,OGI,,1606830572000,-0.5134443021766966,-0.5134443021766966,3.9,3.8,3.9,3.6,2253360,3.9,3.8,3.9,3.6,2253360,"Sep 25, 19",-0.1200000000000001,-0.0306
2019-09-26,3.69,3.8886,3.62,3.85,OGI,1440408,HISTORICAL_PRICES,OGI,,1606830572000,-0.52752880921895,-0.52752880921895,3.85,3.69,3.8886,3.62,1440408,3.85,3.69,3.8886,3.62,1440408,"Sep 26, 19",-0.10999999999999988,-0.0289
2019-09-27,3.67,3.7564,3.56,3.73,OGI,1473015,HISTORICAL_PRICES,OGI,,1606830572000,-0.5300896286811779,-0.5300896286811779,3.73,3.67,3.7564,3.56,1473015,3.73,3.67,3.7564,3.56,1473015,"Sep 27, 19",-0.020000000000000018,-0.0054
2019-09-30,3.44,3.7,3.41,3.7,OGI,1404157,HISTORICAL_PRICES,OGI,,1606830572000,-0.5595390524967989,-0.5595390524967989,3.7,3.44,3.7,3.41,1404157,3.7,3.44,3.7,3.41,1404157,"Sep 30, 19",-0.22999999999999998,-0.0627
2019-10-01,3.54,3.581,3.33,3.45,OGI,1197518,HISTORICAL_PRICES,OGI,,1606830572000,-0.5467349551856594,-0.5467349551856594,3.45,3.54,3.581,3.33,1197518,3.45,3.54,3.581,3.33,1197518,"Oct 1, 19",0.10000000000000009,0.0291
2019-10-02,3.58,3.75,3.2802,3.51,OGI,1507513,HISTORICAL_PRICES,OGI,,1606830572000,-0.5416133162612036,-0.5416133162612036,3.51,3.58,3.75,3.2802,1507513,3.51,3.58,3.75,3.2802,1507513,"Oct 2, 19",0.040000000000000036,0.0113
2019-10-03,3.56,3.6,3.36,3.59,OGI,2562946,HISTORICAL_PRICES,OGI,,1606830572000,-0.5441741357234315,-0.5441741357234315,3.59,3.56,3.6,3.36,2562946,3.59,3.56,3.6,3.36,2562946,"Oct 3, 19",-0.020000000000000018,-0.0056
2019-10-04,3.42,3.69,3.393,3.59,OGI,1677941,HISTORICAL_PRICES,OGI,,1606830572000,-0.5620998719590269,-0.5620998719590269,3.59,3.42,3.69,3.393,1677941,3.59,3.42,3.69,3.393,1677941,"Oct 4, 19",-0.14000000000000012,-0.0393
2019-10-07,3.22,3.39,3.2,3.35,OGI,1840706,HISTORICAL_PRICES,OGI,,1606830572000,-0.587708066581306,-0.587708066581306,3.35,3.22,3.39,3.2,1840706,3.35,3.22,3.39,3.2,1840706,"Oct 7, 19",-0.19999999999999973,-0.0585
2019-10-08,3.15,3.24,3.0929,3.19,OGI,1707644,HISTORICAL_PRICES,OGI,,1606830572000,-0.5966709346991038,-0.5966709346991038,3.19,3.15,3.24,3.0929,1707644,3.19,3.15,3.24,3.0929,1707644,"Oct 8, 19",-0.07000000000000028,-0.0217
2019-10-09,3.15,3.29,3.1,3.19,OGI,1008819,HISTORICAL_PRICES,OGI,,1606830572000,-0.5966709346991038,-0.5966709346991038,3.19,3.15,3.29,3.1,1008819,3.19,3.15,3.29,3.1,1008819,"Oct 9, 19",0,0
2019-10-10,2.72,3.08,2.71,3.08,OGI,3273222,HISTORICAL_PRICES,OGI,,1606830572000,-0.6517285531370038,-0.6517285531370038,3.08,2.72,3.08,2.71,3273222,3.08,2.72,3.08,2.71,3273222,"Oct 10, 19",-0.4299999999999997,-0.1365
2019-10-11,3.16,3.33,2.75,2.76,OGI,5920100,HISTORICAL_PRICES,OGI,,1606830572000,-0.5953905249679897,-0.5953905249679897,2.76,3.16,3.33,2.75,5920100,2.76,3.16,3.33,2.75,5920100,"Oct 11, 19",0.43999999999999995,0.1618
2019-10-14,3.26,3.33,2.91,3.1,OGI,3395631,HISTORICAL_PRICES,OGI,,1606830572000,-0.5825864276568502,-0.5825864276568502,3.1,3.26,3.33,2.91,3395631,3.1,3.26,3.33,2.91,3395631,"Oct 14, 19",0.09999999999999964,0.0316
2019-10-15,3.54,3.67,3.34,3.38,OGI,2833890,HISTORICAL_PRICES,OGI,,1606830572000,-0.5467349551856594,-0.5467349551856594,3.38,3.54,3.67,3.34,2833890,3.38,3.54,3.67,3.34,2833890,"Oct 15, 19",0.28000000000000025,0.0859
2019-10-16,3.44,3.6198,3.36,3.6,OGI,1667924,HISTORICAL_PRICES,OGI,,1606830572000,-0.5595390524967989,-0.5595390524967989,3.6,3.44,3.6198,3.36,1667924,3.6,3.44,3.6198,3.36,1667924,"Oct 16, 19",-0.10000000000000009,-0.0282
2019-10-17,3.73,3.76,3.46,3.55,OGI,1917638,HISTORICAL_PRICES,OGI,,1606830572000,-0.5224071702944942,-0.5224071702944942,3.55,3.73,3.76,3.46,1917638,3.55,3.73,3.76,3.46,1917638,"Oct 17, 19",0.29000000000000004,0.0843
2019-10-18,3.6,3.8,3.47,3.74,OGI,2107864,HISTORICAL_PRICES,OGI,,1606830572000,-0.5390524967989756,-0.5390524967989756,3.74,3.6,3.8,3.47,2107864,3.74,3.6,3.8,3.47,2107864,"Oct 18, 19",-0.1299999999999999,-0.0349
2019-10-21,3.56,3.67,3.39,3.6,OGI,1447783,HISTORICAL_PRICES,OGI,,1606830572000,-0.5441741357234315,-0.5441741357234315,3.6,3.56,3.67,3.39,1447783,3.6,3.56,3.67,3.39,1447783,"Oct 21, 19",-0.040000000000000036,-0.0111
2019-10-22,3.54,3.62,3.4703,3.55,OGI,828149,HISTORICAL_PRICES,OGI,,1606830572000,-0.5467349551856594,-0.5467349551856594,3.55,3.54,3.62,3.4703,828149,3.55,3.54,3.62,3.4703,828149,"Oct 22, 19",-0.020000000000000018,-0.0056
2019-10-23,3.6,3.65,3.42,3.52,OGI,1225961,HISTORICAL_PRICES,OGI,,1606830572000,-0.5390524967989756,-0.5390524967989756,3.52,3.6,3.65,3.42,1225961,3.52,3.6,3.65,3.42,1225961,"Oct 23, 19",0.06000000000000005,0.0169
2019-10-24,3.56,3.72,3.525,3.58,OGI,882388,HISTORICAL_PRICES,OGI,,1606830572000,-0.5441741357234315,-0.5441741357234315,3.58,3.56,3.72,3.525,882388,3.58,3.56,3.72,3.525,882388,"Oct 24, 19",-0.040000000000000036,-0.0111
2019-10-25,3.77,3.9254,3.47,3.56,OGI,1784799,HISTORICAL_PRICES,OGI,,1606830572000,-0.5172855313700383,-0.5172855313700383,3.56,3.77,3.9254,3.47,1784799,3.56,3.77,3.9254,3.47,1784799,"Oct 25, 19",0.20999999999999996,0.059
2019-10-28,3.64,4.01,3.62,3.8,OGI,1596769,HISTORICAL_PRICES,OGI,,1606830572000,-0.5339308578745199,-0.5339308578745199,3.8,3.64,4.01,3.62,1596769,3.8,3.64,4.01,3.62,1596769,"Oct 28, 19",-0.1299999999999999,-0.0345
2019-10-29,3.39,3.65,3.39,3.64,OGI,1534238,HISTORICAL_PRICES,OGI,,1606830572000,-0.5659411011523687,-0.5659411011523687,3.64,3.39,3.65,3.39,1534238,3.64,3.39,3.65,3.39,1534238,"Oct 29, 19",-0.25,-0.0687
2019-10-30,3.35,3.52,3.245,3.4,OGI,1636824,HISTORICAL_PRICES,OGI,,1606830572000,-0.5710627400768244,-0.5710627400768244,3.4,3.35,3.52,3.245,1636824,3.4,3.35,3.52,3.245,1636824,"Oct 30, 19",-0.040000000000000036,-0.0118
2019-10-31,3.33,3.37,3.19,3.33,OGI,1184226,HISTORICAL_PRICES,OGI,,1606830572000,-0.5736235595390524,-0.5736235595390524,3.33,3.33,3.37,3.19,1184226,3.33,3.33,3.37,3.19,1184226,"Oct 31, 19",-0.020000000000000018,-0.006
2019-11-01,3.41,3.48,3.28,3.36,OGI,916571,HISTORICAL_PRICES,OGI,,1606830572000,-0.5633802816901408,-0.5633802816901408,3.36,3.41,3.48,3.28,916571,3.36,3.41,3.48,3.28,916571,"Nov 1, 19",0.08000000000000007,0.024
2019-11-04,3.26,3.47,3.26,3.33,OGI,1301104,HISTORICAL_PRICES,OGI,,1606830572000,-0.5825864276568502,-0.5825864276568502,3.33,3.26,3.47,3.26,1301104,3.33,3.26,3.47,3.26,1301104,"Nov 4, 19",-0.15000000000000036,-0.044
2019-11-05,3.45,3.49,3.2105,3.35,OGI,1580215,HISTORICAL_PRICES,OGI,,1606830572000,-0.5582586427656849,-0.5582586427656849,3.35,3.45,3.49,3.2105,1580215,3.35,3.45,3.49,3.2105,1580215,"Nov 5, 19",0.1900000000000004,0.0583
2019-11-06,3.7,3.74,3.45,3.48,OGI,2565711,HISTORICAL_PRICES,OGI,,1606830572000,-0.5262483994878361,-0.5262483994878361,3.48,3.7,3.74,3.45,2565711,3.48,3.7,3.74,3.45,2565711,"Nov 6, 19",0.25,0.0725
2019-11-07,3.52,3.7574,3.46,3.75,OGI,1928270,HISTORICAL_PRICES,OGI,,1606830572000,-0.5492957746478873,-0.5492957746478873,3.75,3.52,3.7574,3.46,1928270,3.75,3.52,3.7574,3.46,1928270,"Nov 7, 19",-0.18000000000000016,-0.0486
2019-11-08,3.66,3.77,3.5148,3.52,OGI,2194528,HISTORICAL_PRICES,OGI,,1606830572000,-0.5313700384122919,-0.5313700384122919,3.52,3.66,3.77,3.5148,2194528,3.52,3.66,3.77,3.5148,2194528,"Nov 8, 19",0.14000000000000012,0.0398
2019-11-11,3.39,3.71,3.35,3.7,OGI,3174770,HISTORICAL_PRICES,OGI,,1606830572000,-0.5659411011523687,-0.5659411011523687,3.7,3.39,3.71,3.35,3174770,3.7,3.39,3.71,3.35,3174770,"Nov 11, 19",-0.27,-0.0738
2019-11-12,2.73,3.09,2.7,2.79,OGI,8725401,HISTORICAL_PRICES,OGI,,1606830572000,-0.65044814340589,-0.65044814340589,2.79,2.73,3.09,2.7,8725401,2.79,2.73,3.09,2.7,8725401,"Nov 12, 19",-0.6600000000000001,-0.1947
2019-11-13,2.51,2.84,2.43,2.75,OGI,4540776,HISTORICAL_PRICES,OGI,,1606830572000,-0.678617157490397,-0.678617157490397,2.75,2.51,2.84,2.43,4540776,2.75,2.51,2.84,2.43,4540776,"Nov 13, 19",-0.2200000000000002,-0.0806
2019-11-14,2.47,2.5728,2.29,2.44,OGI,4290527,HISTORICAL_PRICES,OGI,,1606830572000,-0.6837387964148528,-0.6837387964148528,2.44,2.47,2.5728,2.29,4290527,2.44,2.47,2.5728,2.29,4290527,"Nov 14, 19",-0.03999999999999959,-0.0159
2019-11-15,2.29,2.52,2.25,2.49,OGI,3467974,HISTORICAL_PRICES,OGI,,1606830572000,-0.706786171574904,-0.706786171574904,2.49,2.29,2.52,2.25,3467974,2.49,2.29,2.52,2.25,3467974,"Nov 15, 19",-0.18000000000000016,-0.0729
2019-11-18,2.06,2.315,2.02,2.29,OGI,4689406,HISTORICAL_PRICES,OGI,,1606830572000,-0.736235595390525,-0.736235595390525,2.29,2.06,2.315,2.02,4689406,2.29,2.06,2.315,2.02,4689406,"Nov 18, 19",-0.22999999999999998,-0.1004
2019-11-19,2.32,2.39,2,2.03,OGI,3631203,HISTORICAL_PRICES,OGI,,1606830572000,-0.7029449423815621,-0.7029449423815621,2.03,2.32,2.39,2,3631203,2.03,2.32,2.39,2,3631203,"Nov 19, 19",0.2599999999999998,0.1262
2019-11-20,2.46,2.57,2.27,2.35,OGI,6209404,HISTORICAL_PRICES,OGI,,1606830572000,-0.6850192061459667,-0.6850192061459667,2.35,2.46,2.57,2.27,6209404,2.35,2.46,2.57,2.27,6209404,"Nov 20, 19",0.14000000000000012,0.0603
2019-11-21,2.86,3.15,2.52,2.59,OGI,9133074,HISTORICAL_PRICES,OGI,,1606830572000,-0.6338028169014084,-0.6338028169014084,2.59,2.86,3.15,2.52,9133074,2.59,2.86,3.15,2.52,9133074,"Nov 21, 19",0.3999999999999999,0.1626
2019-11-22,2.64,2.88,2.59,2.87,OGI,4677370,HISTORICAL_PRICES,OGI,,1606830572000,-0.6619718309859155,-0.6619718309859155,2.87,2.64,2.88,2.59,4677370,2.87,2.64,2.88,2.59,4677370,"Nov 22, 19",-0.21999999999999975,-0.0769
2019-11-25,2.53,2.86,2.45,2.54,OGI,4430805,HISTORICAL_PRICES,OGI,,1606830572000,-0.676056338028169,-0.676056338028169,2.54,2.53,2.86,2.45,4430805,2.54,2.53,2.86,2.45,4430805,"Nov 25, 19",-0.11000000000000032,-0.0417
2019-11-26,2.54,2.5967,2.35,2.43,OGI,3163844,HISTORICAL_PRICES,OGI,,1606830572000,-0.674775928297055,-0.674775928297055,2.43,2.54,2.5967,2.35,3163844,2.43,2.54,2.5967,2.35,3163844,"Nov 26, 19",0.010000000000000231,0.004
2019-11-27,2.7,2.74,2.49,2.54,OGI,2735497,HISTORICAL_PRICES,OGI,,1606830572000,-0.6542893725992317,-0.6542893725992317,2.54,2.7,2.74,2.49,2735497,2.54,2.7,2.74,2.49,2735497,"Nov 27, 19",0.16000000000000014,0.063
2019-11-29,2.69,2.73,2.6,2.73,OGI,1644202,HISTORICAL_PRICES,OGI,,1606830572000,-0.6555697823303457,-0.6555697823303457,2.73,2.69,2.73,2.6,1644202,2.73,2.69,2.73,2.6,1644202,"Nov 29, 19",-0.010000000000000231,-0.0037
2019-12-02,2.69,2.704,2.55,2.69,OGI,2423762,HISTORICAL_PRICES,OGI,,1606830572000,-0.6555697823303457,-0.6555697823303457,2.69,2.69,2.704,2.55,2423762,2.69,2.69,2.704,2.55,2423762,"Dec 2, 19",0,0
2019-12-03,2.83,2.87,2.59,2.62,OGI,3087734,HISTORICAL_PRICES,OGI,,1606830572000,-0.6376440460947503,-0.6376440460947503,2.62,2.83,2.87,2.59,3087734,2.62,2.83,2.87,2.59,3087734,"Dec 3, 19",0.14000000000000012,0.052
2019-12-04,2.57,2.765,2.57,2.73,OGI,3665400,HISTORICAL_PRICES,OGI,,1606830572000,-0.6709346991037133,-0.6709346991037133,2.73,2.57,2.765,2.57,3665400,2.73,2.57,2.765,2.57,3665400,"Dec 4, 19",-0.26000000000000023,-0.0919
2019-12-05,2.62,2.64,2.51,2.59,OGI,2364972,HISTORICAL_PRICES,OGI,,1606830572000,-0.6645326504481434,-0.6645326504481434,2.59,2.62,2.64,2.51,2364972,2.59,2.62,2.64,2.51,2364972,"Dec 5, 19",0.050000000000000266,0.0195
2019-12-06,2.59,2.65,2.54,2.62,OGI,1564942,HISTORICAL_PRICES,OGI,,1606830572000,-0.6683738796414853,-0.6683738796414853,2.62,2.59,2.65,2.54,1564942,2.62,2.59,2.65,2.54,1564942,"Dec 6, 19",-0.03000000000000025,-0.0115
2019-12-09,2.69,2.73,2.59,2.59,OGI,3675290,HISTORICAL_PRICES,OGI,,1606830572000,-0.6555697823303457,-0.6555697823303457,2.59,2.69,2.73,2.59,3675290,2.59,2.69,2.73,2.59,3675290,"Dec 9, 19",0.10000000000000009,0.0386
2019-12-10,2.58,2.71,2.58,2.68,OGI,1920469,HISTORICAL_PRICES,OGI,,1606830572000,-0.6696542893725992,-0.6696542893725992,2.68,2.58,2.71,2.58,1920469,2.68,2.58,2.71,2.58,1920469,"Dec 10, 19",-0.10999999999999988,-0.0409
2019-12-11,2.56,2.62,2.5399,2.59,OGI,1508098,HISTORICAL_PRICES,OGI,,1606830572000,-0.6722151088348272,-0.6722151088348272,2.59,2.56,2.62,2.5399,1508098,2.59,2.56,2.62,2.5399,1508098,"Dec 11, 19",-0.020000000000000018,-0.0078
2019-12-12,2.57,2.61,2.51,2.57,OGI,2821027,HISTORICAL_PRICES,OGI,,1606830572000,-0.6709346991037133,-0.6709346991037133,2.57,2.57,2.61,2.51,2821027,2.57,2.57,2.61,2.51,2821027,"Dec 12, 19",0.009999999999999787,0.0039
2019-12-13,2.59,2.7089,2.56,2.62,OGI,2343704,HISTORICAL_PRICES,OGI,,1606830572000,-0.6683738796414853,-0.6683738796414853,2.62,2.59,2.7089,2.56,2343704,2.62,2.59,2.7089,2.56,2343704,"Dec 13, 19",0.020000000000000018,0.0078
2019-12-16,2.56,2.64,2.54,2.6,OGI,2175942,HISTORICAL_PRICES,OGI,,1606830572000,-0.6722151088348272,-0.6722151088348272,2.6,2.56,2.64,2.54,2175942,2.6,2.56,2.64,2.54,2175942,"Dec 16, 19",-0.029999999999999805,-0.0116
2019-12-17,2.53,2.582,2.44,2.54,OGI,2023111,HISTORICAL_PRICES,OGI,,1606830572000,-0.676056338028169,-0.676056338028169,2.54,2.53,2.582,2.44,2023111,2.54,2.53,2.582,2.44,2023111,"Dec 17, 19",-0.03000000000000025,-0.0117
2019-12-18,2.36,2.54,2.34,2.54,OGI,2934192,HISTORICAL_PRICES,OGI,,1606830572000,-0.6978233034571062,-0.6978233034571062,2.54,2.36,2.54,2.34,2934192,2.54,2.36,2.54,2.34,2934192,"Dec 18, 19",-0.16999999999999993,-0.0672
2019-12-19,2.44,2.505,2.33,2.38,OGI,2968617,HISTORICAL_PRICES,OGI,,1606830572000,-0.6875800256081945,-0.6875800256081945,2.38,2.44,2.505,2.33,2968617,2.38,2.44,2.505,2.33,2968617,"Dec 19, 19",0.08000000000000007,0.0339
2019-12-20,2.38,2.46,2.32,2.46,OGI,1977592,HISTORICAL_PRICES,OGI,,1606830572000,-0.6952624839948783,-0.6952624839948783,2.46,2.38,2.46,2.32,1977592,2.46,2.38,2.46,2.32,1977592,"Dec 20, 19",-0.06000000000000005,-0.0246
2019-12-23,2.47,2.53,2.31,2.35,OGI,3142820,HISTORICAL_PRICES,OGI,,1606830572000,-0.6837387964148528,-0.6837387964148528,2.35,2.47,2.53,2.31,3142820,2.35,2.47,2.53,2.31,3142820,"Dec 23, 19",0.0900000000000003,0.0378
2019-12-24,2.51,2.52,2.41,2.46,OGI,1181726,HISTORICAL_PRICES,OGI,,1606830572000,-0.678617157490397,-0.678617157490397,2.46,2.51,2.52,2.41,1181726,2.46,2.51,2.52,2.41,1181726,"Dec 24, 19",0.03999999999999959,0.0162
2019-12-26,2.34,2.51,2.34,2.47,OGI,1971473,HISTORICAL_PRICES,OGI,,1606830572000,-0.7003841229193342,-0.7003841229193342,2.47,2.34,2.51,2.34,1971473,2.47,2.34,2.51,2.34,1971473,"Dec 26, 19",-0.16999999999999993,-0.0677
2019-12-27,2.35,2.44,2.29,2.41,OGI,3610336,HISTORICAL_PRICES,OGI,,1606830572000,-0.6991037131882202,-0.6991037131882202,2.41,2.35,2.44,2.29,3610336,2.41,2.35,2.44,2.29,3610336,"Dec 27, 19",0.010000000000000231,0.0043
2019-12-30,2.23,2.36,2.2,2.3,OGI,3950794,HISTORICAL_PRICES,OGI,,1606830572000,-0.7144686299615878,-0.7144686299615878,2.3,2.23,2.36,2.2,3950794,2.3,2.23,2.36,2.2,3950794,"Dec 30, 19",-0.1200000000000001,-0.0511
2019-12-31,2.45,2.48,2.2245,2.23,OGI,5133646,HISTORICAL_PRICES,OGI,,1606830572000,-0.6862996158770807,-0.6862996158770807,2.23,2.45,2.48,2.2245,5133646,2.23,2.45,2.48,2.2245,5133646,"Dec 31, 19",0.2200000000000002,0.0987
